Titulos,Precios
Smart TV : Televisor Tedge 50 Pulgadas Uhd Smart ,2.799.900
Smart TV : Televisor Hyundai 32 Pulgadas Hd Smart - Hyled3243nim,1.199.900
Smart TV : Televisor Hyundai 40 Pulgadas Fhd Smart - Hyled4021nim,99.992
Smart TV : Televisor Full Hd Smart Tv 2020 Un43t5300,857.000
Smart TV : Televisor Tedge 58 Pulgadas 4k Uhd Smart ,619.900
Smart TV : Televisor Hyundai 50 Pulgadas 4k Smart Diseño Sin Borde,17.219
Smart TV : Televisor Tedge 58 Pulgadas 4k Uhd Smart ,1.271.285
Smart TV : Televisor Tedge 50 Pulgadas Uhd Smart ,899.900
Smart TV : Televisor Hyundai 55 Pulgadas 4k Uhd Smart - Hyled5519n4km,24.997
Smart TV : Televisor Caixun 32 Smart Tv Hd Negro,1.159.900
Smart TV : Tv Samsung 50tu8000 Led 4k Uhd Crystal 50 PLG Voz Magic 2020,32.219
Smart TV : Combo Samsung Smart Tv 50 4k + Barra De Sonido Hwt400,3.399.900
Smart TV : Televisor Caixun 50 Pulgadas Led 4k Ultra Hd Smart Tv,1.499.000
Smart TV : Televisor Hyundai 58 Pulgadas 4k Smart Diseño Sin Borde,41.639
Smart TV : Tv Samsung 58 (147 Cm) Smart 4k Uhd,1.928.428
Smart TV : Tv LG 28  Pulgadas 70 Cm 28tl525s Led Hd Plano Smart Tv,1.299.900
Smart TV : Tv Led Smart Tv Kalley Hdsfbt 32¨ Hd Usb Hdmi Internet Tdt2,36.108
Smart TV : Televisor Samsung 55ru7300 55p Curvo 4k Smarttv 2019,3.299.900
Smart TV : Televisor Hyundai 43 Pulgadas Fhd Smart - Hyled4319nim,1.499.900
Smart TV : Televisor LG 32lm630 Led Hd - Active Hdr - Sonido Virtual Su,124.992
Smart TV : Combo Samsung Smart Tv 50 4k + Barra De Sonido Hwt400,2.799.900
Smart TV : Televisor Samsung 55ru7100 55p 2019 Smart Tv 4k Bluetooth,1.199.000
Smart TV : Televisor 43 PuLG Caixun 4k Smart Tdt ,33.306
Smart TV : Tv Samsung 43tu8000 Led 4k Uhd Crystal 43 PLG Voz Magic 2020,1.499.900
Smart TV : Tv Samsung 58 (147 Cm) Smart 4k Uhd,41.664
Smart TV : Televisor Caixun 43 Pulgadas 4k Uhd Ledcx43p28fsm,689.900
Smart TV : Televisor Samsung 65tu7000 65 PLG 2020 Crystal 4k Bluetooth,609.900
Smart TV : Tv Samsung 55tu8000 Led 4k Uhd Crystal 55 PLG Voz Magic 2020,16.942
Smart TV : Tv Samsung 50 (127 Cm) Smart 4k Ultra Hd,2.999.900
Smart TV : Televisor Samsung 75ru7100 75p 2019 Smart Tv 4k Bluetooth,1.529.900
Smart TV : Televisor Samsung 43 Led Smart Tv Un43t5300 Fhd 2020,42.497
Smart TV : Televisor Samsung 43 Pulgadas Smartv Full Hd Tdt,1.810.000
Smart TV : Televisor Hyundai 43 Pulgadas Fhd Smart Diseño Sin Borde,150.833
Smart TV : Televisor LG 43 Led Full Hd Smart Tv Tdt 43lm6300pdb ,1.439.900
Smart TV : Televisor Led Samsung Un32j4300 Tdt Smart Tv 32 Pulgadas,1.279.900
Smart TV : Televisor Led Samsung 32t4300 Tdt Smart Tv 32 Pg Modelo 2020,35.553
Smart TV : Televisor Samsung 32  Hd Smart Tv Un32j4290akxzl,1.599.900
Smart TV : Televisor Samsung Smart 58  Led Uhd 4k Crystal 2020,44.442
Smart TV : Tv Hyundai 32 (80 Cm) Smart Hd,1.770.000
Smart TV : Televisor Exclusiv 32 Hd Smart Tv,147.500
Smart TV : Televisor Exclusiv 32  Hd Smart Tv El32p28sm,729.900
Smart TV : Televisor Intec Int324iled Smart Led Hd Wifi Garantia 1 Año,20.275
Smart TV : Tv Samsung 43 (110 Cm) Smart Led Crystal 4k Ultra Hd ,779.990
Smart TV : Televisor 43` Samsung Led Fhd Smart Tv 109 Cms Un43t5300akxz,21.666
Smart TV : Televisor Led Caixun Cx6519nus 65 Pulgadas Uhd Smart 4k Blue,3.299.900
Smart TV : Televisor Samsung Smart 32 Pulgadas 32j4290a Nuevos,1.989.900
Smart TV : Televisor Caixun Ultrahd Cx43p28 43 Pulgadas Tdt Smart Tv 4k,55.275
Smart TV : Forro Silicona Control Tv Samsung Por Voz Smart 4k Sikaicase,999.900
Smart TV : Televisor Smartv 32  Caixun Tdt Led Garantia 2 Años Netflix,27.775
"Smart TV : Televisor Kalley Smart 32 Pulgadas 81 Cm,netflix ,bluetooth,",1.149.900
